model_name,question_0,question_1,question_2,question_3,question_4,question_5,question_6,question_7,question_8,question_9,question_10,question_11,question_12,question_13,question_14,question_15,question_16,question_17,question_18,question_19,question_20,question_21,question_22,question_23,question_24,question_25,question_26,question_27,question_28,question_29,question_30,question_31,question_32,question_33,question_34,question_35,question_36,question_37,question_38,question_39,question_40,question_41,question_42,question_43,question_44,question_45,question_46,question_47,question_48,question_49,question_50,question_51,question_52,question_53,question_54,question_55,question_56,question_57,question_58,question_59,question_60,question_61,question_62,question_63,question_64,question_65,question_66,question_67,question_68,question_69,question_70,question_71,question_72,question_73,question_74,question_75,question_76,question_77,question_78,question_79,question_80,question_81,question_82,question_83,question_84,question_85,question_86,question_87,question_88,question_89,question_90,question_91,question_92,question_93,question_94,question_95,question_96,question_97,question_98,question_99,question_100,question_101,question_102,question_103,question_104,question_105,question_106,question_107,question_108,question_109,question_110,question_111,question_112,question_113,question_114,question_115,question_116,question_117,question_118,question_119,question_120,question_121,question_122,question_123,question_124,question_125,question_126,question_127,question_128,question_129,question_130,question_131,question_132,question_133,question_134,question_135,question_136,question_137,question_138,question_139,question_140,question_141,question_142,question_143,question_144,question_145,question_146,question_147,question_148,question_149,question_150,question_151,question_152,question_153,question_154,question_155,question_156,question_157,question_158,question_159,question_160,question_161,question_162,question_163,question_164,question_165,question_166,question_167,question_168,question_169,question_170,question_171,question_172,question_173,question_174,question_175,question_176,question_177,question_178,question_179,question_180,question_181,question_182,question_183,question_184,question_185,question_186,question_187,question_188,question_189,question_190,question_191,question_192,question_193,question_194,question_195,question_196,question_197,question_198,question_199,question_200,question_201,question_202,question_203,question_204,question_205,question_206,question_207,question_208,question_209,question_210,question_211,question_212,question_213,question_214,question_215,question_216,question_217,question_218,question_219,question_220,question_221,question_222,question_223,question_224,question_225,question_226,question_227,question_228,question_229,question_230,question_231,question_232,question_233,question_234,question_235,question_236,question_237,question_238,question_239,question_240,question_241,question_242,question_243,question_244,question_245,question_246,question_247,question_248,question_249,question_250,question_251,question_252,question_253,question_254,question_255,question_256,question_257,question_258,question_259,question_260,question_261,question_262,question_263,question_264,question_265,question_266,question_267,question_268,question_269,question_270,question_271,question_272,question_273,question_274,question_275,question_276,question_277,question_278,question_279,question_280,question_281,question_282,question_283,question_284,question_285,question_286,question_287,question_288,question_289,question_290,question_291,question_292,question_293,question_294,question_295,question_296,question_297,question_298,question_299,question_300,question_301,question_302,question_303,question_304,question_305,question_306,question_307,question_308,question_309,question_310,question_311,question_312,question_313,question_314,question_315,question_316,question_317,question_318,question_319,question_320,question_321,question_322,question_323,question_324,question_325,question_326,question_327,question_328,question_329,question_330,question_331,question_332,question_333,question_334,question_335,question_336,question_337,question_338,question_339,question_340,question_341,question_342,question_343,question_344,question_345,question_346,question_347,question_348,question_349,question_350,question_351,question_352,question_353,question_354,question_355,question_356,question_357,question_358,question_359,question_360,question_361,question_362,question_363,question_364,question_365,question_366,question_367,question_368,question_369,question_370,question_371,question_372,question_373,question_374,question_375,question_376,question_377,question_378,question_379,question_380,question_381,question_382,question_383,question_384,question_385,question_386,question_387,question_388,question_389,question_390,question_391,question_392,question_393,question_394,question_395,question_396,question_397,question_398,question_399,question_400,question_401,question_402,question_403,question_404,question_405,question_406,question_407,question_408,question_409,question_410,question_411,question_412,question_413,question_414,question_415,question_416,question_417,question_418,question_419,question_420,question_421,question_422,question_423,question_424,question_425,question_426,question_427,question_428,question_429,question_430,question_431,question_432,question_433,question_434,question_435,question_436,question_437,question_438,question_439,question_440,question_441,question_442,question_443,question_444,question_445,question_446,question_447,question_448,question_449,question_450,question_451,question_452,question_453,question_454,question_455,question_456,question_457,question_458,question_459,question_460,question_461,question_462,question_463,question_464,question_465,question_466,question_467,question_468,question_469,question_470,question_471,question_472,question_473,question_474,question_475,question_476,question_477,question_478,question_479,question_480,question_481,question_482,question_483,question_484,question_485,question_486,question_487,question_488,question_489,question_490,question_491,question_492,question_493,question_494,question_495,question_496,question_497,question_498,question_499,question_500,question_501,question_502,question_503,question_504,question_505,question_506,question_507,question_508,question_509,question_510,question_511,question_512,question_513,question_514,question_515,question_516,question_517,question_518,question_519,question_520,question_521,question_522,question_523,question_524,question_525,question_526,question_527,question_528,question_529,question_530,question_531,question_532,question_533,question_534,question_535,question_536,question_537,question_538,question_539,question_540,question_541,question_542,question_543,question_544,question_545,question_546,question_547,question_548,question_549,question_550,question_551,question_552,question_553,question_554,question_555,question_556,question_557,question_558,question_559,question_560,question_561,question_562,question_563,question_564,question_565,question_566,question_567,question_568,question_569,question_570,question_571,question_572,question_573,question_574,question_575,question_576,question_577,question_578,question_579,question_580,question_581,question_582,question_583,question_584,question_585,question_586,question_587,question_588,question_589,question_590,question_591,question_592,question_593,question_594,question_595,question_596,question_597,question_598,question_599,question_600,question_601,question_602,question_603,question_604,question_605,question_606,question_607,question_608,question_609,question_610,question_611,question_612,question_613,question_614,question_615,question_616,question_617,question_618,question_619,question_620,question_621,question_622,question_623,question_624,question_625,question_626,question_627,question_628,question_629,question_630,question_631,question_632,question_633,question_634,question_635,question_636,question_637,question_638,question_639,question_640,question_641,question_642,question_643,question_644,question_645,question_646,question_647,question_648,question_649,question_650,question_651,question_652,question_653,question_654,question_655,question_656,question_657,question_658,question_659,question_660,question_661,question_662,question_663,question_664,question_665,question_666,question_667,question_668,question_669,question_670,question_671,question_672,question_673,question_674,question_675,question_676,question_677,question_678,question_679,question_680,question_681,question_682,question_683,question_684,question_685,question_686,question_687,question_688,question_689,question_690,question_691,question_692,question_693,question_694,question_695,question_696,question_697,question_698,question_699,question_700,question_701,question_702,question_703,question_704,question_705,question_706,question_707,question_708,question_709
stackoverflow|config_id=11155,2074,1335,798,774,789,758,823,790,863,840,894,965,924,1082,941,955,1015,1191,1503,1216,1072,1080,987,670,651,811,758,764,650,715,738,809,711,737,687,671,789,747,818,781,765,740,860,761,846,1079,912,910,859,882,919,1370,2427,591,566,555,576,564,556,563,636,586,1714,1312,1057,2177,1095,1016,747,761,746,767,750,763,706,727,829,741,794,730,849,830,822,946,962,636,705,760,676,691,994,1056,2114,2273,809,811,977,1285,958,1028,963,856,755,653,685,708,1078,1120,955,1414,1377,1579,778,818,712,1005,874,864,982,755,769,800,765,1152,1233,1044,1149,1152,1190,1196,1056,1107,1397,1160,1138,1110,910,739,634,765,793,696,747,800,806,802,847,792,959,907,1147,1011,1165,1098,900,783,829,733,775,885,907,842,875,850,852,833,858,952,841,772,888,826,957,872,988,866,877,830,810,882,876,810,877,905,906,871,1415,936,836,917,980,875,830,826,803,893,883,869,935,1088,974,890,864,904,848,867,858,741,839,847,796,847,925,917,913,812,845,895,858,859,844,847,870,904,825,869,961,980,789,908,852,968,859,827,885,924,825,947,818,838,876,1025,857,913,838,845,743,924,791,1062,3227,885,886,812,926,767,819,901,810,830,818,869,1000,792,833,789,858,896,852,922,822,975,869,842,853,947,859,818,831,825,861,802,870,878,859,970,819,871,791,851,898,797,854,808,851,1039,780,795,867,835,882,811,888,866,857,864,831,1031,866,979,835,853,831,869,839,857,910,976,805,1432,861,994,776,1070,857,847,903,792,945,980,841,853,694,1021,909,857,830,1039,804,869,835,804,764,1024,894,930,774,789,847,936,857,814,814,906,983,862,1040,1033,1069,903,873,815,995,849,846,836,874,861,897,1006,847,841,885,821,1056,902,820,953,951,1065,800,923,909,1833,903,858,848,1049,1010,971,925,843,823,844,855,944,835,849,836,833,781,865,911,835,855,971,1022,1008,867,860,820,852,898,894,911,935,870,989,811,771,954,885,860,946,715,899,773,879,865,795,786,808,819,893,1152,869,1589,841,808,850,981,918,869,889,869,945,865,899,859,823,1100,875,947,890,851,908,1022,1126,924,825,889,863,891,839,865,809,843,902,841,845,1016,898,896,897,854,836,845,896,825,695,884,967,901,871,761,835,784,815,807,841,812,869,1050,771,878,826,964,841,836,777,1011,808,912,798,993,898,1657,867,722,915,872,865,806,1023,1046,926,799,813,798,835,841,834,784,846,862,847,972,866,889,870,830,819,938,867,854,945,973,830,861,895,823,817,862,845,811,997,804,858,845,739,864,1161,765,809,823,825,788,871,832,880,946,874,849,1031,905,928,825,838,833,863,838,841,938,937,767,986,949,943,883,926,1074,848,846,865,942,805,969,898,880,873,962,814,940,819,819,924,824,757,914,901,860,793,974,921,924,874,897,838,897,874,881,861,860,968,863,951,838,840,986,846,836,1041,903,845,785,806,798,887,852,831,869,895,811,784,848,853,922,720,851,864,892,919,850,780,849,972,846,875,840,1078,816,1016,790,871,844,941,809,874,858,948,776,783,835,844,826,850,837,852,922,964,873,876,869,781,933,808,865,886,857,756,823,832,827,817,1000,856,852,883,952,840,876,854,768,952,828,874,948,824,851,884,834,858,886,923,885,887,934,868,874,889
stackoverflow|config_id=11160,873,838,654,634,644,634,660,634,645,637,637,868,864,927,904,962,942,5085,929,819,969,989,876,607,636,631,643,634,737,737,623,763,657,622,596,606,746,777,711,706,684,737,768,699,725,959,1011,862,855,855,855,988,957,595,580,591,591,580,590,579,582,580,1251,1154,905,1754,1255,1073,699,622,640,679,609,713,663,742,704,771,765,623,682,690,691,1023,1103,657,646,646,678,678,681,709,4095,1758,681,648,823,743,975,1056,837,824,760,756,598,596,947,890,3838,2527,773,963,752,743,733,688,709,710,684,689,2206,704,685,944,945,1997,1069,1078,1137,1286,1135,1185,823,1379,1161,897,892,573,580,669,661,676,667,715,661,681,679,666,715,736,1145,1137,924,960,792,876,845,810,834,797,895,847,870,951,860,807,871,871,867,863,835,838,801,799,835,902,834,838,850,858,846,816,877,834,822,1146,799,854,782,874,821,832,786,864,825,911,867,780,883,869,860,861,807,863,794,813,867,911,817,835,857,876,874,877,840,1014,840,787,830,873,815,861,914,886,817,892,829,792,951,788,807,881,899,837,804,816,928,904,806,850,862,863,782,873,899,864,826,875,860,833,884,880,815,833,844,861,864,862,859,869,813,795,895,877,838,884,824,1037,867,816,824,850,853,809,810,827,823,797,902,860,849,862,795,801,876,814,789,1609,949,900,817,795,886,902,837,910,781,795,871,865,858,853,837,796,789,861,911,804,931,880,866,919,874,868,945,880,838,773,866,841,792,841,855,873,911,860,808,788,1006,806,850,800,888,2183,912,890,827,791,899,782,802,870,810,796,836,789,806,850,880,934,883,840,885,797,839,787,791,847,793,825,894,785,792,864,828,800,983,802,952,832,798,764,855,806,873,1079,836,858,883,834,836,887,874,874,795,909,869,797,841,882,905,812,906,891,818,861,797,841,809,864,856,816,799,813,875,922,820,875,857,861,895,906,845,893,805,894,838,807,957,796,901,842,799,831,819,791,790,810,948,839,875,850,837,859,871,839,975,885,823,808,898,840,843,842,862,838,840,796,809,789,898,830,840,850,884,852,840,825,845,873,844,807,851,820,865,789,845,804,778,880,805,874,885,797,875,832,871,847,857,781,766,821,834,868,850,808,834,837,851,855,929,791,875,869,877,897,906,865,879,867,770,816,858,870,800,817,845,861,840,838,873,843,860,841,822,885,933,863,847,881,784,796,847,833,850,843,865,833,813,753,833,867,824,867,867,841,884,831,859,812,780,846,795,939,851,846,875,812,798,886,844,863,804,871,840,775,855,820,1072,858,836,888,881,834,849,798,835,793,848,800,844,797,884,807,906,916,832,822,836,838,852,868,839,835,806,850,775,773,809,878,859,793,825,912,817,802,829,836,866,845,906,923,871,901,864,924,798,1049,870,837,882,794,868,909,812,929,906,835,836,852,849,875,859,811,900,882,804,850,860,826,888,870,836,853,849,791,796,829,816,801,836,4268,872,832,852,827,872,838,883,880,820,824,869,825,870,860,948,801,859,876,795,800,863,839,796,863,816,796,855,904,803,835,795,789,857,797,851,864,923,791,846,819,858,888,842,871,917,834,814,907,911,863,929,853,780,915,856,810,929,891,859,901,848,904,804,942,867,834,888,799
stackoverflow|config_id=11162,589,677,630,594,636,562,582,595,589,556,625,705,646,662,650,688,642,715,753,644,635,701,646,469,471,587,608,577,577,573,590,562,534,547,512,526,598,614,565,565,619,559,605,655,575,860,790,668,621,643,609,769,670,512,517,536,517,502,502,520,527,525,1023,876,630,687,769,767,527,539,536,539,579,575,560,625,599,593,611,584,590,657,613,827,772,533,541,537,595,621,603,620,616,584,575,603,720,659,655,643,698,685,618,610,587,551,676,662,541,525,620,742,589,562,624,556,558,567,571,569,614,608,611,743,718,765,765,738,735,791,769,828,752,932,914,708,692,485,491,607,598,595,602,594,586,656,597,582,637,563,947,930,1060,950,606,669,662,707,660,615,635,677,632,615,649,662,675,628,699,635,674,610,692,643,646,678,649,625,589,671,627,644,691,632,714,649,674,674,677,639,695,620,664,629,709,626,650,620,670,658,680,687,694,675,698,679,700,684,636,645,686,686,698,583,679,657,682,681,650,626,707,699,662,658,656,696,684,686,681,652,640,699,638,612,659,711,654,669,718,676,642,656,624,670,652,674,692,634,680,690,615,650,679,681,593,647,667,718,635,671,677,662,651,633,633,681,604,626,650,687,654,641,614,666,651,623,669,717,633,672,645,688,676,662,646,638,651,650,706,652,641,700,735,676,601,668,675,638,664,653,685,679,657,677,656,664,655,717,736,682,683,696,582,580,670,635,661,650,694,626,637,618,603,738,680,609,667,641,668,696,653,625,683,584,629,682,661,597,686,649,607,696,617,720,659,657,661,650,634,664,645,602,647,665,680,639,646,702,677,636,653,660,627,674,681,632,683,706,700,674,686,683,682,702,701,665,679,625,615,662,660,664,709,683,667,661,678,634,696,607,639,696,649,674,682,676,657,618,649,598,679,739,676,678,687,643,616,696,708,725,722,711,649,645,676,604,711,673,694,613,672,669,666,646,660,623,602,631,652,742,622,706,677,650,691,674,635,732,656,684,671,661,664,683,630,589,596,614,662,676,658,675,670,658,670,627,692,724,643,650,642,671,669,660,666,658,654,692,699,659,668,659,698,667,666,684,651,663,681,657,658,684,668,715,702,685,639,703,661,700,703,625,675,595,609,641,653,632,642,651,673,685,670,614,613,635,629,707,704,696,678,650,606,650,621,689,683,658,609,659,602,661,700,643,650,645,669,735,664,715,706,685,674,622,703,639,673,627,678,702,674,652,687,680,651,685,674,638,701,658,689,676,655,644,631,710,612,658,703,656,725,689,622,638,696,731,674,654,669,664,721,712,652,644,652,616,610,600,691,634,644,708,714,630,676,623,651,670,708,624,614,596,681,693,637,577,621,668,678,663,674,679,641,723,639,694,667,654,702,654,609,593,650,695,741,685,656,634,610,672,650,666,653,726,647,689,603,707,672,685,648,696,673,667,619,670,705,710,630,660,600,608,653,667,665,578,703,670,638,673,705,619,663,692,680,729,659,587,631,653,687,668,641,708,642,660,652,672,686,687,643,672,647,652,594,691,628,668,702,693,678,679,669,681,656,734,698,675,697,692,629,656,661,690,621,627,675,679,660,669,653,668,630,700,633,708,628,601,631,670
stackoverflow|config_id=11163,945,974,785,777,853,816,791,780,851,785,808,904,897,1056,1029,1337,1043,1047,1073,1104,1240,1094,862,666,654,701,702,692,756,756,686,718,801,789,619,651,853,860,723,948,850,832,801,737,763,1153,1046,894,890,897,904,1175,1110,624,632,625,638,703,634,641,638,632,1486,1355,1058,1169,2181,1803,748,747,749,761,760,699,749,822,818,770,749,719,840,802,825,947,919,695,685,709,780,750,769,816,934,923,666,733,1026,876,1143,1130,870,884,782,790,732,754,1107,1074,1721,1719,1287,1067,867,899,795,738,745,693,738,694,942,836,868,1049,1052,1280,1260,1304,1170,1232,1164,1116,1210,1384,1332,971,969,762,764,770,739,763,765,755,738,808,768,746,744,838,1169,1136,970,1029,874,867,851,865,896,751,720,857,893,870,971,777,919,865,862,836,834,816,762,864,877,869,877,799,960,855,851,849,856,909,862,878,888,808,872,884,944,861,842,893,902,817,890,883,759,721,825,842,898,790,785,904,861,850,864,841,912,779,829,885,856,899,839,816,788,786,868,868,896,877,888,884,898,830,812,851,904,868,946,830,844,891,881,912,833,877,878,905,893,796,876,883,858,861,880,918,893,843,940,849,874,871,878,883,888,944,891,852,902,923,876,852,853,854,877,805,870,843,842,880,782,785,904,908,832,866,864,901,876,878,837,790,876,887,861,859,882,838,758,828,856,856,880,884,868,854,871,793,796,867,878,876,883,875,868,958,788,867,847,890,851,907,946,896,889,859,848,920,907,937,944,901,877,759,804,848,840,894,847,838,869,859,817,852,855,851,905,879,760,862,890,851,882,747,788,855,846,836,846,897,880,918,888,870,819,788,884,871,875,867,840,870,895,867,858,894,891,877,894,876,880,923,878,818,869,869,795,858,879,881,808,861,787,829,916,814,870,851,785,884,863,867,789,890,826,845,890,838,918,865,781,872,901,881,853,854,877,858,833,866,908,921,874,883,907,875,786,879,856,890,966,899,838,807,890,841,861,868,849,879,850,857,803,910,919,863,898,841,769,811,878,881,942,847,883,886,866,873,754,868,855,909,929,849,838,843,844,843,881,845,900,813,888,884,762,881,895,872,761,825,899,835,857,861,878,873,863,819,769,940,927,842,883,862,867,852,876,881,874,798,811,785,882,985,847,896,858,853,943,879,813,858,866,857,851,952,952,858,853,861,874,882,905,926,901,831,934,911,870,802,845,894,872,850,916,875,891,906,904,893,898,907,857,866,891,784,894,937,785,788,857,961,875,920,762,858,900,874,850,805,858,865,878,944,946,907,862,785,874,870,967,787,844,884,952,939,806,785,792,904,849,873,852,922,934,852,872,826,883,921,869,888,860,887,876,917,835,797,876,791,785,859,866,878,871,721,866,863,882,926,935,871,884,902,867,936,952,900,788,817,872,851,877,810,880,826,788,806,881,906,903,898,860,854,873,851,801,922,787,843,757,882,913,829,878,724,878,836,853,761,916,876,878,872,956,902,792,840,875,869,879,852,787,787,783,866,819,880,851,904,865,859,833,759,785,917,889,893,873,847,878,859,848,855,759,787,873,880,826,861,722,791,830,860,849,808,857,849,869,881,841,863,878,861,762,869,865,891,867,883,848,850,765,834,833,932
stackoverflow|config_id=11164,684,678,564,567,567,567,567,560,567,567,567,615,608,737,737,742,731,733,748,737,738,746,648,469,469,568,582,555,597,593,534,543,545,554,524,533,513,531,539,520,516,516,509,571,596,842,826,656,628,640,640,814,1161,484,506,504,499,519,519,504,502,486,1075,1013,828,859,696,710,528,524,531,531,535,521,540,582,548,541,559,562,577,573,606,853,813,529,534,534,585,550,590,552,902,822,577,575,640,621,772,748,754,786,576,588,538,535,670,649,565,532,648,649,596,605,596,537,530,529,530,530,558,565,576,711,719,888,839,826,886,884,885,846,673,855,1009,906,906,479,479,608,596,596,599,590,581,596,587,605,595,607,986,980,950,994,656,653,713,778,677,724,687,697,721,659,664,760,647,686,657,640,637,725,714,659,715,723,651,664,648,664,717,691,724,658,658,759,712,760,723,637,741,733,650,723,776,660,743,640,657,705,675,636,648,805,736,657,723,709,762,657,662,716,733,661,639,649,696,705,730,697,637,672,733,721,719,640,706,725,743,676,705,740,682,675,741,722,711,652,680,717,653,787,744,717,697,753,701,725,777,652,683,686,742,724,677,669,689,711,754,792,656,856,724,706,719,741,654,746,639,706,754,692,757,769,722,689,641,651,719,706,638,710,653,748,659,765,639,656,654,856,715,661,690,660,713,733,757,648,671,713,711,653,727,759,733,721,768,676,696,651,696,724,707,709,701,688,759,739,702,698,736,672,675,724,720,681,702,651,658,648,685,794,719,760,671,697,715,738,712,723,770,645,704,686,712,739,678,740,652,698,712,658,712,714,716,715,712,701,745,702,727,636,708,688,711,747,720,773,730,679,679,762,691,658,679,660,713,701,671,721,747,720,718,769,651,679,662,718,760,694,721,710,740,704,709,660,683,654,664,708,656,735,693,725,686,728,732,714,721,719,706,698,735,745,660,637,730,765,658,740,740,754,715,653,767,729,658,707,667,720,717,658,761,714,665,764,737,741,730,661,791,760,701,768,742,752,640,661,735,660,639,646,696,693,772,764,664,677,729,753,694,749,731,657,653,666,711,699,747,723,739,648,661,751,662,659,743,725,648,717,713,724,698,711,652,719,756,694,717,699,651,658,704,652,717,711,651,730,708,692,677,723,708,764,687,734,650,674,703,739,658,774,716,652,718,700,718,718,697,720,697,737,717,740,676,766,718,712,725,726,712,673,707,732,806,725,713,737,725,758,723,759,711,737,735,731,715,717,712,721,685,708,649,664,728,734,683,668,711,736,759,709,699,727,651,749,709,687,791,650,745,688,718,721,665,757,637,654,660,708,696,653,785,713,658,692,745,657,685,650,651,664,730,739,716,737,724,734,721,657,654,687,752,639,676,685,729,750,720,801,720,735,639,647,733,744,647,661,645,650,765,746,721,747,662,740,663,649,727,748,708,720,691,781,707,671,793,659,658,718,639,711,726,681,734,639,658,686,652,677,717,697,695,765,716,716,652,754,714,681,718,717,763,634,783,712,651,730,717,682,676,756,726,758,713,654,637,723,698,637,717,652,714,738,726,665,715,717,804,731,693,713,727,727,714,716,718,711,692,670,732,728,672,714,714,721,685,708,683,704
stackoverflow|config_id=11165,803,812,696,668,699,679,701,701,699,697,699,781,808,923,957,1003,1002,983,986,998,972,948,826,625,625,690,688,673,755,770,658,669,741,798,645,651,710,692,689,769,722,695,707,726,759,978,947,859,851,853,853,1020,1013,637,626,620,628,625,619,638,630,627,1323,1195,729,741,894,912,683,722,724,689,657,659,707,737,763,750,740,702,737,741,774,935,898,667,674,697,737,738,719,721,794,728,645,717,830,779,853,880,842,841,763,779,718,663,913,925,775,760,939,920,753,766,747,713,714,726,690,732,755,801,770,928,891,972,955,967,1042,965,1004,957,941,1271,1299,1010,973,639,642,720,705,707,724,711,709,709,709,725,700,694,1110,1115,954,1007,795,770,758,768,797,789,779,745,751,761,770,791,777,802,787,789,734,807,783,779,751,792,775,727,789,777,783,799,801,776,751,773,793,768,830,766,770,768,758,755,821,749,744,788,764,803,804,809,783,777,812,769,797,761,774,767,769,789,744,783,773,786,778,757,793,782,800,742,781,745,799,771,789,781,774,801,792,761,772,782,792,769,746,754,804,785,760,815,745,796,755,788,784,782,784,782,788,785,788,774,769,776,761,784,779,785,788,768,787,772,778,792,754,807,789,807,796,768,811,771,790,732,790,768,777,790,800,778,798,776,747,786,836,778,703,804,801,719,770,781,785,813,738,777,773,757,765,693,769,727,788,795,781,757,777,786,770,770,748,789,769,791,779,762,780,768,796,802,783,764,781,788,771,742,756,742,787,798,779,784,775,774,802,814,801,778,792,749,751,779,776,777,780,779,784,772,772,766,778,802,782,782,782,788,774,761,801,767,765,755,793,786,785,791,761,785,792,788,774,761,770,786,784,766,775,742,786,762,775,795,771,792,793,742,772,764,767,769,796,783,787,786,808,774,772,752,801,789,736,787,817,789,770,757,813,702,781,802,791,768,782,813,789,767,809,803,761,816,810,768,793,800,775,800,788,787,799,766,780,797,776,772,781,781,771,762,752,776,753,752,777,762,754,780,784,780,780,737,788,772,737,792,782,743,781,770,772,744,768,771,821,772,783,792,760,754,782,780,772,821,788,788,793,785,784,795,778,756,802,784,809,772,772,777,790,781,806,818,747,746,809,796,778,794,782,776,745,776,798,734,720,801,756,793,779,774,764,782,775,775,770,776,783,781,819,784,777,795,779,773,761,773,741,789,813,781,788,776,786,773,785,787,765,810,787,784,790,791,751,762,792,785,808,771,771,797,804,776,768,761,776,801,793,808,792,765,806,774,775,797,793,778,794,789,808,799,786,765,808,780,803,778,796,749,794,806,771,770,789,775,775,749,774,775,790,795,785,772,787,789,797,779,764,794,764,779,801,775,808,756,769,772,802,778,762,776,807,780,813,722,796,779,789,782,822,740,795,802,790,798,771,781,703,731,777,756,789,785,766,792,700,772,778,753,768,777,775,702,775,794,786,782,783,784,773,750,818,761,774,786,766,801,795,782,785,796,778,745,767,772,780,755,785,751,804,776,797,762,778,792,804,768,766,779,776,822,781,774,794,775,759,796,790,782,751,777,777,736,789,801,841,785,789,752,790,805,797,739,815,768,780,757,810,773,757,791
stackoverflow|config_id=11166,803,811,696,696,688,652,699,652,699,657,697,800,832,890,886,989,986,984,997,1000,992,990,957,624,631,678,690,680,758,758,660,662,738,701,639,651,703,702,699,710,733,729,738,790,758,965,1002,861,871,851,851,1029,1128,628,623,622,631,627,620,624,628,624,1308,1217,762,734,894,882,645,692,693,728,697,666,655,748,776,734,689,690,743,758,765,932,935,666,672,676,733,722,720,740,785,800,647,634,819,770,815,853,851,839,784,788,698,664,959,905,766,763,1105,942,753,753,745,712,722,665,700,709,747,775,788,1019,1013,1017,1071,977,964,964,969,953,947,1279,1298,971,981,642,645,717,707,716,723,727,716,709,734,731,742,726,1120,1110,962,1017,778,777,766,802,766,782,754,757,753,788,790,794,808,774,725,718,775,776,791,791,782,782,814,823,767,785,807,779,798,781,750,800,777,783,790,805,764,737,800,773,800,787,797,791,801,739,780,738,775,759,774,791,786,783,767,763,794,773,694,789,780,760,783,700,756,805,723,774,765,781,777,770,763,781,768,769,769,758,789,758,699,775,784,780,793,796,753,803,767,784,749,807,786,749,780,805,754,779,780,748,774,782,797,815,751,743,745,791,770,692,723,795,785,789,787,749,754,796,771,791,792,803,790,840,775,772,776,802,800,784,800,770,793,700,765,796,717,766,751,768,765,775,782,745,782,779,776,803,818,798,789,781,774,798,802,804,787,764,746,787,770,754,703,744,784,784,766,780,789,793,772,778,782,748,779,793,768,771,778,785,774,769,755,772,784,767,767,767,751,781,774,795,773,794,778,770,772,739,734,793,789,781,801,788,796,807,749,768,785,792,790,791,785,800,775,774,771,784,807,815,724,788,802,719,742,761,751,794,795,808,790,788,803,793,758,810,785,763,781,788,774,761,771,770,792,757,776,776,787,769,798,786,777,772,801,760,799,785,779,727,793,776,694,785,741,765,788,777,757,774,767,824,753,823,775,794,766,798,803,763,808,769,794,782,772,802,781,783,796,791,774,779,782,768,753,797,809,798,760,771,797,792,794,769,740,770,776,788,774,775,777,795,765,703,786,744,774,779,770,787,789,790,785,779,780,798,808,807,773,786,777,787,802,785,796,786,805,774,792,773,786,739,776,750,786,794,702,780,775,768,799,783,784,767,783,782,796,761,798,758,802,802,758,747,804,757,775,773,786,785,747,788,776,749,740,763,745,750,792,800,784,762,780,787,791,768,776,755,784,771,766,789,791,718,744,790,750,752,783,790,760,697,771,770,758,789,798,782,754,773,810,783,785,764,779,802,789,762,688,797,788,797,806,774,793,770,769,790,783,744,785,769,806,775,777,702,780,755,772,781,766,777,788,740,780,774,768,783,771,774,787,778,799,768,806,760,812,780,806,782,702,811,794,701,795,705,794,774,819,758,798,791,717,800,774,787,769,784,770,771,773,799,773,790,765,775,774,814,772,742,763,794,782,789,775,774,788,738,775,705,741,779,757,724,757,781,755,768,765,790,781,778,786,777,773,790,774,801,756,761,781,788,775,774,800,753,768,820,786,795,789,800,776,778,774,777,769,789,799,763,780,816,793,774,782,768,772,723,748,783,797,776,777,772,768,774
stackoverflow|config_id=11167,703,705,611,611,616,600,602,611,614,614,614,794,793,785,713,713,699,698,701,710,710,783,817,530,530,622,622,613,730,730,583,572,552,566,536,575,588,605,609,590,588,608,588,609,629,952,822,839,835,828,828,849,886,533,533,527,527,527,533,533,533,533,1296,1168,1457,8745,791,826,521,521,536,545,539,545,560,570,572,566,569,569,578,587,590,921,867,625,617,621,620,630,624,636,637,635,584,584,681,649,880,880,788,784,699,655,552,549,892,868,592,586,749,760,697,697,688,592,590,593,593,592,636,645,666,898,882,957,931,932,931,878,961,956,739,925,952,867,827,543,546,638,659,676,630,661,659,634,635,635,638,604,1154,1154,953,900,794,728,745,723,697,789,698,697,698,772,726,744,698,742,699,744,744,726,741,771,744,770,728,742,695,698,701,698,768,698,768,725,725,698,744,697,750,771,739,786,744,772,697,728,741,725,739,723,695,701,695,723,745,695,741,726,695,695,695,744,697,723,771,723,726,726,697,741,741,723,723,771,745,771,744,743,695,729,744,727,739,723,695,726,741,741,771,744,741,770,768,728,741,723,741,741,741,792,744,741,744,697,723,726,698,743,744,725,698,723,696,726,771,744,787,742,744,745,727,724,771,695,747,728,741,723,695,773,744,701,726,731,695,723,725,698,723,741,743,742,726,726,698,773,741,698,741,744,772,747,739,726,728,771,698,744,789,744,698,728,726,744,742,726,742,741,739,768,741,725,743,725,770,770,695,723,770,771,728,771,771,739,727,728,744,771,696,723,695,744,744,725,698,726,725,695,695,770,723,768,744,695,729,768,744,698,744,741,744,771,774,776,701,774,701,701,745,732,745,701,701,729,747,770,723,786,741,723,695,744,725,771,743,723,744,697,726,723,770,741,741,742,726,744,768,768,723,726,729,698,771,747,725,698,749,744,723,726,747,726,741,726,698,723,728,789,725,744,739,698,748,744,768,726,770,696,742,695,770,723,744,791,773,700,776,698,726,729,729,729,731,729,701,731,726,698,768,726,773,747,698,789,698,698,723,723,728,742,726,695,742,744,744,742,773,695,771,698,731,789,695,698,698,788,698,741,749,773,773,723,698,698,788,771,726,723,746,789,771,698,788,723,726,789,726,723,726,698,771,771,723,741,768,741,723,695,744,744,773,697,745,786,744,725,741,771,743,723,789,698,750,698,741,756,771,698,726,748,768,750,726,773,745,726,744,739,768,770,741,728,723,728,700,744,698,737,728,740,771,750,723,695,770,741,741,744,741,768,744,777,771,770,725,795,731,695,697,725,741,771,774,773,786,742,728,743,771,728,770,743,771,744,723,741,744,770,768,725,725,770,723,729,741,768,698,768,792,771,728,744,744,726,698,745,773,698,698,726,698,726,771,728,744,771,750,729,726,701,744,731,744,729,696,701,744,744,698,744,741,739,695,744,726,726,771,726,744,726,742,723,773,726,701,732,725,773,771,744,698,776,698,729,771,771,698,698,771,728,771,773,698,744,772,744,745,728,725,744,698,771,728,698,697,726,698,726,726,698,789,771,725,728,744,725,726,731,729,726,695,744,726,744,742,744,795,744,743,698,725,698,726,744,698,698,695,695
stackoverflow|config_id=11168,966,925,829,806,797,823,807,824,825,822,830,1003,992,1043,1052,1006,993,1056,1058,1116,1006,999,936,796,799,884,874,829,885,925,792,787,855,819,770,781,842,909,972,939,986,883,823,852,871,1146,1189,961,963,1011,1029,1204,1289,775,773,774,777,772,777,782,775,777,1360,1218,997,934,1049,947,947,867,982,1009,924,911,944,912,889,917,926,994,986,950,914,1169,1042,850,925,948,853,879,849,887,980,977,827,767,945,1073,998,971,966,950,897,884,813,810,983,1037,815,798,1222,1066,858,854,867,850,857,830,877,895,867,867,889,1212,1210,1020,1067,1286,991,1016,1007,997,1070,1310,1309,1103,1085,786,814,886,894,879,881,883,882,883,887,882,815,860,1197,1375,1332,1208,951,912,915,934,918,923,1041,942,913,934,934,933,912,947,913,975,913,893,949,900,965,949,918,950,962,948,917,933,893,942,893,940,966,926,972,916,955,941,930,954,896,922,904,986,950,971,893,938,1002,947,914,1040,944,932,959,939,908,928,908,934,973,981,965,905,881,906,968,986,893,934,914,932,945,920,919,958,930,967,965,934,982,940,943,947,949,946,925,935,931,893,925,931,959,926,892,948,900,916,925,965,972,937,947,962,937,968,970,913,915,1046,912,941,936,933,935,998,908,911,898,934,896,935,936,936,957,989,937,938,916,911,939,938,986,933,936,938,972,959,926,922,976,935,940,938,931,888,943,936,973,950,954,938,892,944,936,900,963,926,935,939,954,936,911,908,911,980,915,907,897,905,931,920,998,947,972,962,932,937,928,936,941,951,910,978,915,903,954,910,940,939,936,941,932,937,970,942,953,946,908,930,915,932,934,966,944,945,947,970,926,982,934,923,919,916,914,977,927,925,923,934,956,932,941,916,932,985,967,905,945,961,920,943,1034,954,936,935,987,944,967,914,952,960,934,914,898,892,914,895,942,894,896,938,979,962,895,919,895,932,946,947,907,945,947,967,893,909,936,898,943,970,940,914,930,983,918,971,945,935,957,972,969,954,915,954,956,935,977,949,935,904,952,953,944,903,946,927,970,957,934,1002,968,975,895,953,959,953,902,943,934,974,969,997,914,915,918,997,935,951,940,975,892,961,937,940,932,919,894,917,937,912,984,933,909,933,935,947,894,920,987,945,954,928,949,914,996,945,946,945,946,968,895,910,894,934,972,933,934,922,899,930,949,956,970,933,925,933,913,969,921,927,956,876,959,948,947,903,962,929,922,945,909,903,920,954,924,940,957,938,957,902,932,913,915,900,946,918,933,924,937,954,937,912,936,927,952,933,979,900,929,935,920,942,917,940,943,902,931,979,890,955,954,930,938,933,953,935,952,936,896,937,971,933,952,917,967,952,987,911,936,951,911,930,966,893,932,978,980,950,933,971,895,939,952,900,898,969,950,922,973,911,956,954,915,945,944,895,917,939,961,939,898,963,930,940,972,956,969,893,911,938,932,937,898,978,948,966,921,916,913,934,947,927,934,906,972,903,913,929,996,937,938,938,916,922,936,934,897,934,920,941,911,971,922,952,913,897,934,931,920,934,973,958,917,960,984,954,949,990,936,888,950,955,919,928,974,915,961,897,928,894,948,939,900,944,900,954,880,912,934,900,933,911,939,941,907,926
stackoverflow|config_id=11169,1299,805,688,676,683,678,694,681,690,712,641,820,886,683,693,681,676,775,737,681,679,775,860,586,641,677,621,675,635,625,679,638,580,591,612,597,859,676,834,749,695,738,666,649,701,832,867,850,791,857,937,1673,1227,537,521,522,537,522,522,522,522,522,1178,1092,828,847,798,849,641,660,707,723,648,667,665,718,681,688,765,718,719,736,717,858,806,651,643,666,680,673,683,698,1026,1080,574,575,794,741,851,867,838,888,823,785,625,570,893,870,708,811,1248,1693,711,711,703,603,600,598,598,602,718,662,678,965,892,913,903,913,901,893,890,922,882,984,944,859,810,671,676,685,632,635,679,671,635,632,636,681,696,637,1067,1038,953,951,725,773,778,713,715,724,689,734,728,721,694,708,690,748,767,775,683,684,688,745,683,783,804,697,709,681,704,718,762,710,690,726,689,755,752,705,713,689,691,701,744,714,698,739,649,731,770,761,698,769,751,691,722,730,697,689,689,754,760,747,732,702,725,731,720,646,724,727,691,718,741,683,722,759,686,680,726,710,686,771,710,705,718,780,853,691,707,707,753,684,700,812,686,777,681,772,684,775,742,711,688,709,687,684,694,686,731,731,744,729,703,711,688,688,764,799,707,717,711,739,718,723,725,685,689,717,683,711,807,763,652,706,708,726,691,736,687,689,706,760,694,724,727,698,722,687,659,656,691,688,680,708,781,768,692,801,780,768,720,719,749,782,784,752,727,726,799,685,706,759,733,689,709,740,729,708,717,727,685,747,767,733,730,692,713,752,695,702,749,682,692,691,689,690,702,740,725,730,711,746,728,721,688,723,693,684,701,683,687,807,776,773,692,716,730,752,779,706,718,701,687,691,751,707,697,680,734,707,740,711,706,684,740,699,765,705,787,724,761,680,774,701,689,764,705,719,715,725,808,766,693,706,715,733,728,804,694,727,688,812,813,694,744,692,687,707,712,684,718,702,756,689,788,708,729,721,751,746,709,724,690,706,763,740,757,689,700,699,741,736,714,655,713,704,684,682,681,790,685,686,777,722,809,683,762,771,718,719,721,747,703,757,698,751,769,689,704,717,689,715,712,695,795,725,692,807,683,723,689,744,724,740,691,700,767,700,728,722,725,717,755,751,766,707,734,715,719,734,761,780,725,687,695,686,740,726,709,705,735,709,767,713,726,724,746,730,694,678,660,660,759,691,699,720,709,735,700,758,759,719,758,681,675,682,703,706,777,695,764,758,770,691,683,756,691,693,728,688,689,693,846,737,780,704,733,686,788,701,822,760,688,712,693,726,688,657,782,708,695,698,726,685,723,720,725,762,718,751,738,850,730,742,715,685,739,725,695,701,706,722,683,699,721,693,690,731,679,729,744,684,726,702,694,734,690,744,812,719,715,684,680,693,766,709,718,713,728,730,722,706,718,774,709,704,719,779,744,693,717,733,724,698,685,689,723,702,726,743,710,712,699,678,683,785,707,677,717,697,687,691,735,686,712,744,686,726,716,727,739,695,753,683,806,724,708,693,723,683,696,706,704,684,701,724,759,749,780,686,703,683,700,702,743,738,732,750,653,686,680,713,699,700,729,778,716,660,730,691,721,757,686,702,731,779,697,734
stackoverflow|config_id=11170,1065,1079,764,752,757,752,752,752,755,755,755,916,927,1124,1211,1215,1193,1176,1199,1137,1208,1255,941,777,715,801,882,871,778,786,846,769,871,828,706,731,860,867,811,810,863,838,897,848,877,1200,1183,898,887,1007,968,1067,1200,680,680,680,680,670,680,680,680,680,1528,1437,940,965,977,974,869,945,891,930,920,863,926,938,954,955,978,898,958,968,965,1065,1055,788,793,794,990,1034,987,990,898,872,750,750,878,1011,994,1014,957,953,850,864,703,702,1104,1150,852,903,959,915,928,928,904,852,840,817,852,852,868,909,810,1106,1175,1030,1131,1026,1026,1029,1091,1026,954,1368,1421,1048,1056,798,801,888,877,762,889,886,766,891,879,787,790,795,1381,1322,1105,1143,974,927,918,934,964,984,921,949,982,921,950,968,982,983,911,950,942,955,896,909,938,882,905,958,935,958,985,951,965,936,918,941,952,982,937,881,950,938,979,915,933,914,950,882,979,961,947,904,935,935,979,980,955,918,947,951,979,979,979,950,935,948,958,948,957,969,958,955,955,966,979,936,927,951,982,949,935,985,950,982,947,947,940,981,879,957,982,969,934,955,979,959,980,907,966,956,929,958,969,955,982,912,979,958,964,980,958,951,961,972,982,958,969,982,968,982,982,918,912,981,1009,966,969,911,980,947,909,943,982,953,910,924,955,955,954,958,980,979,949,911,912,982,910,964,920,926,981,982,981,955,980,982,933,951,969,964,913,982,938,939,959,950,937,937,951,969,947,957,885,981,981,879,948,918,932,934,981,982,958,964,959,908,911,958,964,982,933,966,948,964,982,960,984,943,982,948,967,935,966,967,911,934,958,939,950,964,921,966,981,921,954,924,949,953,953,953,985,970,967,985,868,913,985,955,955,979,948,961,961,982,980,939,909,926,982,958,969,979,909,961,955,884,920,964,948,966,966,958,985,958,982,961,982,982,981,982,963,926,953,959,979,943,938,950,980,958,968,910,979,964,982,982,981,957,953,924,956,956,982,935,951,944,971,923,969,937,958,961,961,961,953,972,913,961,886,925,881,982,937,966,982,945,982,969,948,930,982,982,958,956,982,982,969,969,958,948,936,921,936,933,979,953,958,932,958,908,968,984,912,962,911,922,932,980,982,979,966,969,982,958,921,961,910,982,982,948,951,952,969,964,929,979,979,950,918,929,937,958,984,969,955,955,910,979,958,958,982,979,983,969,964,958,979,956,951,982,938,958,979,961,951,958,966,958,982,979,908,932,955,982,966,954,985,910,951,988,921,964,951,921,935,929,958,955,936,929,955,979,958,988,982,963,982,957,962,919,913,902,955,969,932,958,913,982,982,958,943,982,949,921,958,982,909,955,982,980,979,964,950,981,915,924,949,979,982,955,889,969,905,958,975,938,964,939,985,937,938,916,958,937,936,982,958,982,970,985,959,953,982,913,965,925,911,884,982,937,921,885,956,979,951,958,910,982,912,929,982,910,958,910,921,983,954,989,917,958,950,983,932,935,985,967,982,982,946,959,958,982,958,982,886,938,983,952,948,950,982,982,983,982,982,921,946,916,921,982,921,964,943,964,951,983,958,981,951,985,959,982,979,978,953,972,951,975,961,958,957,982,929,958,982,982,983,969,879,979
stackoverflow|config_id=11171,786,925,640,702,677,639,611,630,628,639,641,739,655,849,1121,830,703,894,1095,941,816,1023,847,536,565,721,740,813,773,783,690,722,673,729,574,581,713,783,751,768,773,905,747,737,658,1055,1006,767,780,768,718,1099,1760,490,498,496,528,499,504,506,523,494,1366,1264,1316,587,930,867,657,619,613,582,628,600,695,628,593,632,650,666,660,661,708,871,951,552,583,576,739,949,947,893,1101,1042,601,587,825,926,733,690,798,806,759,778,619,655,779,770,3585,2422,1175,1140,583,627,584,579,674,757,590,785,932,770,863,880,767,848,891,1009,1007,990,894,940,1274,1375,1159,833,903,574,544,706,685,718,743,736,701,712,728,693,714,703,1251,1234,1120,1207,853,855,855,886,805,848,846,761,716,880,851,858,792,821,848,813,1024,764,815,959,715,778,869,754,796,963,858,808,843,763,885,840,898,819,775,845,934,916,884,839,988,894,844,747,906,851,819,888,904,832,841,959,1068,896,978,761,957,824,966,864,878,915,835,941,930,820,824,858,859,769,905,906,988,928,1012,1010,982,942,906,954,906,806,859,922,1023,833,883,862,941,877,1047,808,843,790,859,900,827,855,846,858,852,827,799,762,785,839,863,763,855,808,844,832,910,759,950,913,885,861,971,930,792,932,953,864,880,964,1082,917,789,789,878,789,760,796,864,781,964,791,798,835,1004,907,849,861,877,962,829,910,823,865,915,919,736,942,900,861,907,857,890,930,924,858,925,800,956,961,804,946,893,884,955,1007,815,1348,736,863,796,858,945,936,820,867,919,861,800,958,810,900,848,913,943,837,872,992,968,868,829,883,888,852,1043,1005,967,931,867,1000,888,949,845,933,989,910,858,884,869,834,899,900,860,781,818,793,970,969,1270,861,949,985,867,848,755,890,862,854,957,745,972,926,906,953,1266,903,805,897,863,859,895,904,836,890,750,934,1419,994,940,899,786,795,799,869,761,789,997,880,753,915,1906,880,957,839,868,787,1052,839,931,884,920,828,821,886,809,908,797,836,817,844,935,945,1163,848,881,1020,831,865,779,850,922,863,954,725,840,1005,936,864,928,837,886,988,767,1212,886,972,919,892,815,910,964,837,793,739,838,1025,863,924,1439,887,883,850,886,809,773,860,839,918,870,839,890,996,817,829,842,757,1007,891,822,854,861,1020,910,939,881,834,854,930,1066,798,942,911,966,839,847,979,871,867,969,891,764,953,991,953,921,833,779,949,900,805,804,972,906,881,924,870,1077,885,823,1029,1018,827,904,986,853,837,1051,940,835,844,855,792,863,1012,987,810,900,910,852,874,880,923,769,866,965,985,887,887,782,929,1049,807,1001,948,848,912,792,786,834,866,818,1579,824,886,762,1056,772,842,938,1153,929,807,807,891,893,873,817,899,885,850,803,984,981,903,789,904,882,946,903,989,911,849,944,1051,921,916,928,818,795,869,925,865,879,953,885,866,941,947,870,903,725,800,959,880,862,803,855,935,881,863,896,848,884,957,900,864,857,888,903,858,905,911,900,941,875,773,890,859,750,845,859,915,847,791,934,969,788,807,865,846,871,930,856,869,764,873,864,919,885,942,835,1005,943,864,762,945,958,867,876,874,767,900,833,865,809,1046,978,845,852,887,895,984,880,800,750,920,730,852,973,1128
stackoverflow|config_id=11172,1022,973,767,835,839,791,767,793,781,778,794,922,1003,1046,1050,1052,1037,1038,1081,1042,1041,1026,908,648,648,866,867,826,803,761,820,813,794,827,710,726,802,803,798,802,800,804,808,779,808,1234,1216,873,861,872,872,931,1050,665,665,665,680,665,665,680,663,665,1509,1263,891,827,869,891,778,781,764,819,786,773,800,841,837,837,829,790,825,868,849,960,915,721,729,728,864,898,925,869,926,849,748,728,998,858,947,947,917,913,783,783,684,713,981,944,760,743,948,881,877,877,861,822,753,803,803,803,752,759,770,1002,1039,1183,1055,1099,1085,1193,1101,1125,1174,1334,1324,864,868,775,776,811,739,836,837,841,739,806,807,840,835,820,1397,1391,1085,1133,864,907,907,901,879,908,865,891,893,893,908,903,906,859,865,879,877,878,907,830,910,892,908,905,869,904,908,893,862,903,907,850,900,906,879,909,855,879,901,905,906,893,879,906,863,907,875,890,901,916,875,875,876,874,856,893,862,875,900,878,905,876,893,875,879,879,879,903,875,905,906,877,876,906,910,904,875,882,847,852,846,846,856,877,907,908,853,863,844,894,856,903,902,874,876,848,876,866,879,890,904,866,907,878,874,864,903,910,912,905,909,910,877,905,892,893,910,869,876,909,893,876,910,893,877,907,903,904,910,882,910,874,890,907,857,879,890,901,878,879,865,910,910,893,908,850,858,910,878,850,907,872,906,878,893,873,893,908,905,879,906,910,879,903,859,893,900,874,909,903,877,903,907,890,907,903,877,893,911,877,878,907,902,903,872,879,882,869,907,903,910,903,907,910,903,907,901,875,874,902,910,907,880,901,910,910,879,907,878,910,907,911,897,881,882,882,875,916,862,912,906,907,875,905,884,903,907,905,907,872,862,905,885,862,905,908,903,876,857,875,907,877,877,910,876,863,906,910,913,910,910,906,906,904,905,904,876,859,905,907,907,859,906,907,878,904,904,910,905,893,908,893,876,909,907,891,875,903,893,905,910,909,912,912,915,910,910,880,880,906,862,881,908,909,908,910,903,877,908,906,905,878,879,910,903,908,910,879,910,901,908,904,910,905,903,890,903,904,906,908,900,870,902,909,910,905,901,912,905,907,879,894,865,909,879,900,912,906,893,903,905,907,878,903,889,907,879,910,910,903,905,862,876,876,874,903,879,879,912,903,907,876,879,875,910,877,878,907,905,910,906,910,831,885,905,879,906,894,876,883,879,906,905,894,878,906,901,859,862,907,905,911,906,908,879,915,879,909,894,877,907,862,878,876,877,879,900,907,899,916,910,907,878,914,913,907,906,890,876,908,911,879,903,908,910,910,878,879,877,908,905,904,847,875,905,876,876,878,879,905,869,894,909,875,903,856,908,905,906,908,838,906,907,913,896,878,906,853,908,910,865,908,877,906,916,882,910,896,879,868,910,896,872,896,861,906,865,906,876,856,902,859,878,872,910,879,884,878,903,875,894,905,881,914,890,910,905,903,903,913,874,913,865,908,906,910,850,892,910,877,879,905,879,906,869,909,910,893,906,910,910,905,905,905,910,877,910,906,872,906,863,873,879,905,887,868,914,904,890,910,872,912,906,906,882,878,910,906,879,908,879,894,908,865,890,875
stackoverflow|config_id=11173,949,1054,675,684,704,775,675,763,692,731,692,903,932,1174,1331,1275,1357,1193,1143,1224,1210,1118,911,607,619,788,820,734,830,858,729,854,765,704,579,593,894,777,887,890,807,858,773,749,717,1223,1282,868,934,830,1097,1489,1293,548,566,559,567,551,551,566,549,563,1713,2526,1622,908,921,1034,661,679,721,696,735,687,735,688,700,784,853,731,737,730,881,1013,887,615,586,619,833,1137,889,1272,1088,1235,830,676,1057,919,1052,911,974,864,852,778,695,736,1047,1001,1481,1525,1369,1158,736,726,714,723,677,653,680,855,714,796,751,944,1154,1388,1310,1163,1068,1186,1292,1200,1392,1213,1359,1054,1102,728,733,752,854,749,761,834,776,902,791,694,668,799,1390,1367,1054,1192,851,1085,883,896,1210,860,1070,975,997,893,940,792,1017,1026,836,948,910,875,986,910,1094,1050,1004,987,1026,987,1019,1034,1187,1008,1257,1051,1151,865,1185,998,829,4208,914,1116,1051,879,983,967,829,955,1003,916,941,886,908,1017,1174,953,899,1086,1039,1056,875,924,912,1044,922,981,908,937,939,1669,1276,934,1422,1271,953,843,1004,874,1071,896,1008,897,933,931,863,979,1046,982,983,913,894,893,1004,868,852,907,903,827,958,1054,1003,930,938,990,1067,932,966,768,908,918,1059,970,1034,919,1101,810,868,955,952,871,948,1414,1108,999,865,954,987,865,880,877,1498,880,991,844,950,855,956,1016,958,813,1023,902,1042,909,916,892,970,836,1017,888,865,1047,902,1424,938,1022,1005,946,887,854,944,1011,1059,1115,2634,970,878,765,1095,1083,862,1005,1289,767,837,1145,855,1007,930,945,1055,865,884,844,909,941,917,1052,1429,1068,3951,977,965,969,951,947,1000,835,1057,892,895,892,817,965,966,1023,1214,857,958,922,866,1019,996,948,908,900,887,987,825,1088,1065,821,926,1026,869,921,998,890,889,913,975,1371,866,2188,1107,903,950,893,882,1116,830,833,778,939,846,997,958,961,916,930,884,1142,1035,865,880,864,893,1313,2278,948,877,851,880,1036,920,822,1096,911,747,1128,970,974,937,972,2232,910,898,1037,885,831,1006,833,902,883,957,1027,916,1067,1039,998,1106,808,1025,913,1012,868,952,1924,1087,890,916,912,844,992,1015,962,917,869,870,871,1098,980,914,885,844,1818,979,854,1045,866,902,929,934,1109,968,912,927,982,957,885,826,900,896,903,935,890,747,1067,885,970,4170,988,875,952,1167,954,871,855,966,859,991,1113,909,1011,922,770,994,1433,966,813,1056,1174,970,909,1095,792,979,1130,865,1192,1159,884,1020,999,983,911,870,1069,873,914,923,990,854,1058,848,1049,1113,857,876,1012,900,1015,829,955,953,995,999,983,1059,935,960,1027,898,807,1031,896,1036,949,1077,1017,980,830,840,987,1049,943,931,866,1008,1500,1011,969,896,829,887,976,893,1040,963,830,889,1043,993,915,1476,832,924,818,922,980,872,943,837,1178,999,978,800,1039,1011,905,938,901,887,926,997,844,1066,982,916,820,1057,1879,982,875,1113,1716,1043,1049,1086,1018,855,865,1023,975,937,911,942,970,3883,886,989,938,895,1002,951,992,831,911,904,1036,1456,961,846,2313,1004,928,858,966,834,1009,957,1018,869,996,914,986,998,868,840,830,918,1017,1003,990,876,979,869,880,868,1441,991,895,1028,828,961,949,1155,903,896,794,940,919,796,862,920,876,863,929,807,800,916,994,849,854,966,871,851,1070,1147,981,935,977,875,980,1037,1111,854,1048
stackoverflow|config_id=11174,838,790,605,589,590,592,592,589,615,616,607,775,752,820,839,838,875,839,792,821,831,823,684,522,522,608,590,594,610,608,580,561,550,555,537,546,678,672,687,686,720,665,673,654,602,848,771,775,689,854,764,1130,1085,510,517,510,521,504,521,523,518,517,1119,1018,1676,1692,732,711,549,554,567,563,550,573,577,587,598,591,602,591,606,618,620,1151,1182,540,543,546,629,626,629,640,1373,1411,554,582,745,714,809,832,806,794,691,726,566,566,950,929,567,557,764,773,696,756,673,588,588,594,595,588,662,614,655,836,854,984,983,925,969,932,960,993,1132,897,905,797,794,533,528,633,657,656,666,638,625,655,661,642,598,628,1102,1194,853,912,760,720,704,725,738,744,720,754,702,764,749,739,716,752,765,726,713,727,752,720,773,770,712,730,715,722,705,725,747,766,720,727,726,764,738,726,734,763,763,742,808,717,755,757,734,731,696,754,781,745,793,725,771,727,702,719,738,736,720,723,791,735,734,752,753,738,710,758,714,740,711,756,701,720,711,722,752,716,756,763,708,716,713,745,738,739,796,755,753,699,731,781,732,704,726,705,714,740,742,697,767,740,703,742,754,736,792,769,759,726,736,760,714,753,721,767,756,760,743,833,731,724,710,735,709,738,713,720,730,793,751,733,772,795,768,763,711,730,759,762,729,696,706,715,708,757,762,750,789,725,733,756,799,775,789,706,742,728,798,811,797,771,742,729,737,792,712,746,757,767,762,729,738,786,767,801,708,778,746,743,801,707,738,719,759,715,756,709,730,735,744,764,736,805,756,725,717,733,759,737,705,722,800,698,761,711,739,725,751,782,778,727,770,753,748,768,709,718,718,713,766,784,716,759,737,756,705,733,809,793,727,710,726,773,750,744,759,743,746,771,786,757,777,759,760,743,760,714,727,748,710,722,737,797,712,722,710,755,722,733,737,793,758,794,768,714,770,737,738,801,738,736,775,751,723,746,735,743,781,737,738,731,737,734,769,755,753,758,782,795,803,775,769,760,744,784,741,713,744,721,753,766,780,782,748,772,713,709,788,730,744,754,744,805,732,768,735,745,759,744,715,705,752,759,738,725,719,750,768,714,825,727,741,727,804,740,771,722,752,762,752,751,733,779,757,714,753,767,748,735,718,706,767,717,750,752,726,740,749,707,725,717,727,730,767,745,764,726,715,733,774,767,743,755,708,744,730,761,720,708,706,727,739,754,741,715,751,740,754,757,744,770,741,754,737,794,775,735,732,759,726,713,765,781,733,736,755,735,756,730,784,763,783,769,759,751,763,739,763,755,752,800,720,755,708,734,744,759,741,712,711,766,744,788,759,738,734,750,776,704,743,749,755,721,755,737,753,730,764,774,740,734,781,716,805,734,750,742,786,769,752,757,745,784,731,740,761,703,745,734,755,725,740,771,757,784,752,736,761,710,750,748,756,758,737,749,757,732,766,786,757,757,774,711,732,733,753,778,757,779,776,801,754,724,749,721,756,788,776,740,754,755,779,735,762,735,778,792,761,792,762,767,743,756,747,766,745,763,755,762,761,765,755,754,759,766,750,717,734,757,762,802,758,759,763,735,743,822,768,787,777,766,790,762,753,726
stackoverflow|config_id=11175,1050,1080,870,973,870,866,969,868,867,867,874,1148,1107,1117,1093,1217,1078,1114,1064,1096,1108,1222,1265,751,854,852,852,843,1003,1002,881,884,930,915,799,809,961,878,873,956,1040,957,983,1001,1067,1173,1204,1242,1225,1141,1083,1253,1333,781,781,778,781,781,781,781,781,781,1662,1553,1014,1000,1296,1234,910,960,1001,916,869,945,891,966,1031,1024,993,952,1021,1051,1018,1275,1327,924,891,909,1100,1068,1044,1205,1098,1183,866,955,1117,1024,1170,1159,1052,1194,1022,1065,880,869,1237,1217,963,960,1620,1324,1014,1004,1014,1018,1001,961,951,1014,891,892,925,1216,1162,1314,1226,1291,1431,1349,1228,1347,1116,1668,17883,1294,1128,830,852,909,927,991,909,983,915,904,903,969,886,892,1563,1892,1413,1459,1119,1067,1143,1193,1165,1306,1108,1174,1144,1080,1058,1215,1123,1177,1154,1212,1255,1265,1140,1018,1147,1133,1302,1155,1105,1132,1141,1114,974,975,992,975,1195,1073,1138,1143,1181,1114,1098,1093,1174,1192,1069,1286,1153,1194,1118,1172,1073,1153,1183,1180,1082,1121,1113,1094,1078,1101,1200,1334,1161,1133,1139,976,1207,1103,1113,1041,1120,1247,1144,1159,1056,1145,1141,1109,1145,1139,1100,1103,1120,1142,1122,1124,1106,1137,1143,1151,1124,1191,1144,1154,1245,1285,1090,1085,1117,1135,1237,1030,1150,1089,1131,1056,1056,1055,1042,1087,1276,1137,1153,1145,1066,1194,1156,1138,1150,1116,1187,1068,1097,1260,1158,1147,1161,1115,1143,1093,1049,1209,1138,997,987,988,1147,1346,1095,1149,1191,1167,1266,1156,1250,1167,1160,1105,1154,1123,1084,1124,1181,1507,1146,1132,1106,1216,1137,1236,1304,1168,1152,1135,1123,1140,1115,1146,1151,1203,1125,1053,1137,1186,1112,1154,1147,1135,1134,1268,1079,1220,1121,1224,1146,1099,1102,1079,1150,1245,1193,1174,1372,1166,1293,1075,1114,1086,1061,1043,1059,1090,1090,1131,1157,1201,1092,1122,1285,1117,1138,1210,1149,1158,1154,1155,1147,1228,1147,1141,1143,1125,1360,1201,1123,1160,1240,1164,1191,1259,1053,1151,1119,1192,1097,973,1130,1290,1235,1098,1139,1241,1050,1240,1204,1159,1079,1131,1113,1141,1154,1139,1151,1098,1440,1060,1148,1136,1051,1162,1302,1207,1208,1151,1126,1141,1008,1134,989,1104,1128,1082,1188,1149,1165,1160,1120,1295,1116,1105,1107,1142,1227,1304,1204,1092,1209,1186,1266,1318,1181,1113,1161,1176,1271,1090,1080,1242,1139,1214,1255,1150,1305,1256,1066,1071,1097,1125,1084,1159,1339,1296,1156,1151,1151,1173,1041,1084,1218,1106,1251,1156,1141,1324,1124,1213,1136,1293,1095,977,998,993,1200,1168,1139,1376,1123,1181,993,993,1213,1127,1151,976,998,1070,1285,1281,1128,1233,1143,1084,1155,1195,1158,1243,1115,1081,1143,1093,1121,1005,1124,1071,1156,1208,1231,1230,1142,1078,1366,1135,1272,1103,1092,1214,1125,1116,1072,1160,1144,1079,1149,974,1147,975,979,983,971,980,987,981,975,992,1060,1170,1176,979,971,985,1145,1091,972,1208,1288,989,1100,1141,1036,1049,1165,1107,992,980,1158,983,1095,970,979,976,969,972,974,977,981,1192,1150,1149,992,992,982,970,988,1179,974,993,1254,988,1125,987,974,973,1302,1301,977,1065,981,978,1074,970,1004,1060,975,1186,1108,1122,1048,971,975,990,1124,986,986,986,994,1096,992,981,1083,990,974,974,977,974,984,973,987,990,971,995,1151,1053,974,1006,1174,1230,1291,1205,1156,1149,1125,1082,1206,1308,1085,1200,992,1185,997,1153,1080,1099,1173,1510,1162,1131,1164,1129,1134,1122,989,979,971,985,992,1002,987,1047,1115,1020,1295,1185,1098,1082,1246,1139,1133,1141,1217,1162,1299,1066,1164,1288,1181,1117,1160,1244,1080,1278,1033,1007,1192,1208,1076,1192,1203,1145,1073,1209,1272,1069,1189,1141,1104,1303,969,993
stackoverflow|config_id=11176,868,856,715,708,719,710,749,641,759,646,705,878,830,803,796,806,847,798,837,800,798,842,890,578,638,685,678,739,758,710,684,675,718,788,551,570,698,931,826,751,771,735,777,690,673,932,970,765,756,789,794,1045,1188,567,565,602,627,563,558,537,538,543,1245,1135,886,1068,953,1055,615,626,693,689,647,707,697,687,790,705,716,697,685,707,789,986,953,630,599,642,815,707,759,773,1379,809,611,585,945,871,792,847,683,760,651,695,629,610,885,767,741,875,823,839,748,720,800,660,692,715,677,680,765,747,815,943,872,835,908,915,860,926,804,880,1039,1053,1069,931,840,558,573,743,787,761,696,720,795,741,709,761,771,747,1183,1218,1152,1195,885,876,828,924,872,894,892,918,785,862,865,886,797,880,940,1017,921,900,840,925,908,841,952,962,932,938,963,882,900,924,854,887,941,925,898,997,913,920,883,827,917,911,890,918,886,967,944,917,759,900,881,945,821,744,915,899,906,820,922,1011,831,942,806,905,939,900,958,875,921,891,934,938,890,882,937,1005,897,860,874,828,922,874,988,951,815,880,797,919,940,904,909,890,833,872,920,952,929,849,952,884,893,958,861,913,851,832,915,954,1001,938,930,879,785,902,867,904,924,946,900,943,850,928,925,842,929,930,878,899,952,875,861,960,960,933,909,869,854,870,855,879,874,899,934,909,939,891,883,964,852,860,880,863,994,908,803,943,882,846,908,941,941,868,947,978,913,957,903,871,1046,883,869,828,956,862,1079,899,910,912,823,890,881,990,897,884,908,877,844,819,845,927,885,889,906,885,951,879,891,877,885,943,877,847,927,946,958,844,949,907,882,920,901,952,957,908,865,876,881,955,918,988,867,972,914,804,922,880,851,947,852,887,903,906,858,948,967,895,921,890,845,881,923,935,867,929,852,905,918,855,935,1049,866,909,959,959,896,864,910,840,930,976,940,873,829,892,824,882,812,939,954,919,1061,875,881,852,887,960,876,930,850,879,888,921,925,902,913,895,910,928,956,944,907,963,884,822,873,874,888,870,906,858,883,861,928,816,849,944,820,803,842,930,871,975,889,902,935,947,944,755,882,814,881,940,772,876,975,873,945,870,892,897,914,909,835,817,982,922,932,976,971,896,876,796,870,933,939,869,924,940,892,798,845,936,882,911,827,881,977,902,937,878,873,888,873,813,919,959,842,793,882,862,970,915,985,952,753,998,867,892,883,921,816,808,920,915,842,904,1063,825,925,942,914,786,796,859,1021,881,818,843,794,881,927,848,947,881,889,900,873,841,928,884,928,962,928,935,936,945,897,825,999,927,884,926,899,807,886,897,920,831,846,895,900,841,909,843,891,881,957,817,880,882,822,825,816,870,935,836,1028,914,979,856,922,891,896,827,918,925,986,865,938,961,938,884,851,878,870,900,854,845,916,963,984,943,886,878,916,918,912,881,942,864,915,920,868,951,940,876,897,891,945,968,954,888,885,904,917,848,890,850,881,866,841,872,947,894,909,922,937,896,892,902,843,902,891,911,852,825,863,899,939,875,882,909,907,922,958,886,969,949,828,904,868,949,895,921,834,903,977,946,902,917,910,929,936,778,931,916,893,846,761,888,907,880,935,907,899,967
stackoverflow|config_id=11177,937,954,853,857,766,801,860,819,878,900,785,1114,903,992,1066,1309,986,1115,1236,979,1081,1191,964,663,766,853,827,758,833,815,830,854,854,790,667,714,784,793,862,840,844,796,793,844,779,1200,1142,856,851,810,886,1168,1182,667,658,654,657,656,658,658,654,656,1209,1191,1572,1364,975,990,866,846,799,832,788,818,752,822,894,811,784,870,815,845,820,976,1020,729,695,686,833,993,946,868,1138,1349,751,764,1050,1019,881,927,804,804,926,820,760,787,882,896,4035,1476,1177,984,763,763,763,770,754,873,753,748,773,827,787,955,950,1120,1046,973,1205,1191,1225,1108,1224,1378,1130,926,975,718,697,792,802,889,840,841,819,894,843,906,846,809,1173,1476,1286,1338,849,881,954,1025,947,1076,893,926,889,913,936,897,1006,906,874,1066,896,1030,892,859,966,840,1176,882,954,906,945,916,998,890,991,853,1035,925,902,836,1054,895,909,840,866,910,905,835,899,897,1163,923,925,945,955,930,818,902,849,866,904,1017,947,896,952,926,1039,878,980,923,1007,1021,882,847,899,983,1017,890,941,917,875,946,943,996,852,954,954,918,922,912,889,891,921,909,1073,939,921,911,891,930,997,862,923,949,896,931,946,913,936,995,1033,938,1047,909,858,922,959,910,922,1100,887,927,921,915,915,927,862,890,922,966,934,849,944,996,871,899,919,912,900,967,944,907,1212,888,946,904,851,972,919,905,915,871,805,1025,871,943,928,979,946,880,944,960,861,990,862,873,873,924,882,1095,1120,902,1008,860,829,878,935,835,864,878,878,923,899,912,867,927,983,926,921,824,840,987,887,911,890,923,877,1008,903,947,854,858,997,893,891,902,1135,970,948,972,896,943,960,884,872,911,953,883,1001,880,912,920,895,941,868,984,890,999,912,860,863,855,859,1009,878,973,886,928,962,968,921,881,1146,939,878,902,976,938,854,943,933,899,936,899,974,855,875,945,892,932,924,894,991,882,862,919,916,904,895,1042,903,901,951,904,916,860,834,1002,856,945,853,927,864,896,954,936,901,957,847,938,850,857,893,883,905,959,886,885,846,1012,796,979,874,924,1078,869,838,925,957,915,954,885,935,826,922,834,963,875,1069,901,881,903,879,870,914,874,983,901,861,956,1000,925,948,809,871,930,861,907,854,873,984,967,955,852,955,928,893,833,919,960,1119,955,996,879,944,1016,858,832,866,891,914,903,962,1034,851,930,1007,924,906,870,938,858,953,929,911,1026,945,945,902,907,854,1068,818,887,802,929,875,942,942,954,991,901,915,874,919,827,853,946,908,970,926,915,898,954,1138,855,915,952,828,866,881,914,924,900,935,920,1063,864,982,838,1001,979,896,990,859,922,908,1082,948,942,1030,926,988,939,914,920,905,881,963,895,886,848,884,848,898,957,860,801,1033,900,964,921,920,917,883,935,966,978,928,910,927,1046,957,878,900,914,919,929,874,948,972,979,942,968,812,878,994,959,983,924,860,986,921,1055,1119,1070,1042,942,901,936,896,862,871,1022,919,919,933,985,880,886,964,1058,849,966,851,924,972,942,958,889,882,921,882,812,956,910,849,973,966,879,914,881,914,940,917,870,903,897,897,878,986,860,877,938,911,840,843,959,977,923,860,892,910,977,929,995,915,914,885,957,975,980,1029,881,884,901,914,928,941,1072
stackoverflow|config_id=11178,825,858,680,675,686,695,669,691,682,697,676,738,834,1060,998,920,989,1068,1018,1023,940,1048,983,617,556,693,716,750,767,758,657,673,702,645,554,592,755,665,698,756,678,676,839,743,733,1097,997,756,746,882,923,1073,1396,549,547,559,547,559,559,559,546,555,1343,1235,1418,1114,830,846,604,685,693,584,643,609,610,694,658,629,653,658,683,748,680,940,834,569,609,609,1044,1069,947,758,1030,1070,674,716,1018,807,899,900,863,814,791,892,666,646,797,888,1307,853,1242,1158,658,661,655,633,648,630,635,619,732,754,819,1028,912,1102,904,854,1117,872,1002,1056,1528,1039,1028,1002,953,566,603,636,734,728,726,713,859,736,652,711,731,760,1334,1304,1136,1122,837,977,957,905,901,861,1007,1498,973,832,853,933,845,895,846,959,929,1058,931,878,826,847,1167,845,985,845,940,958,1257,898,881,943,883,980,851,910,909,854,837,875,922,852,907,872,817,857,886,900,909,965,894,901,813,916,905,865,975,862,857,938,905,902,821,915,882,940,870,885,866,875,888,932,874,905,906,926,988,907,968,884,903,896,938,900,857,839,838,945,895,1006,897,909,886,930,1021,864,893,1036,966,879,862,901,957,843,917,865,924,859,846,877,885,977,900,839,916,907,872,823,889,917,888,1006,985,869,974,876,848,919,904,1306,937,933,1024,912,935,888,910,1095,901,825,862,859,857,974,857,906,962,863,925,889,885,907,785,917,958,929,853,809,870,853,901,900,1037,917,892,944,844,871,876,893,940,1101,873,841,971,1038,1166,924,908,893,895,981,1009,902,854,869,903,851,827,938,850,902,1148,909,898,809,877,907,824,898,869,923,867,883,850,882,869,924,882,859,864,920,908,1018,933,919,824,866,867,889,771,868,849,893,829,889,907,852,986,910,902,831,920,926,918,883,910,847,921,977,867,1081,880,878,888,905,968,880,1006,924,852,966,998,1077,844,1026,1070,852,849,826,931,901,845,952,876,864,1017,1038,857,847,899,861,942,876,1301,846,832,1022,858,915,887,832,918,865,918,932,924,985,957,983,830,1256,881,888,884,841,916,877,831,936,867,971,884,773,836,935,798,919,857,1009,900,820,859,906,1041,890,854,907,888,865,897,822,863,882,811,950,875,846,943,934,968,1010,879,864,899,832,878,936,845,962,955,905,883,961,850,881,860,884,922,875,894,735,824,853,941,953,814,891,900,899,978,895,898,927,973,866,947,891,847,967,962,908,941,1075,957,865,872,882,957,954,915,969,875,866,846,935,884,1003,907,931,912,951,893,859,864,848,900,889,861,923,863,887,971,917,865,851,876,1009,852,851,957,867,875,982,1028,924,908,884,852,858,913,871,856,864,818,896,861,962,960,877,960,888,919,896,872,874,913,912,850,986,863,902,966,816,882,840,963,889,999,911,974,920,912,923,797,941,837,920,911,964,854,863,880,888,928,821,866,847,947,950,837,909,880,921,1055,804,864,801,829,850,921,862,909,914,845,838,927,930,733,925,975,836,839,869,973,861,881,934,904,1033,906,837,1042,810,871,844,969,906,900,924,821,961,845,891,889,932,910,912,817,814,836,778,878,965,874,904,847,852,890,892,882,860,906,842,900,839,1208,928,868,890,1066,926,933,962,766,925,828,898,836,880,971,925,850,848,817,778
stackoverflow|config_id=11179,1240,1202,818,819,815,842,844,843,844,844,845,1006,1025,1011,1012,965,947,959,1004,1068,1013,965,983,786,788,850,820,839,871,855,788,768,791,820,754,776,925,900,928,900,807,942,1041,857,870,1101,1080,1065,965,1062,1080,1249,1002,737,737,739,737,737,737,737,737,737,1534,1225,2515,2514,958,1042,952,905,1071,1017,1056,1112,883,912,990,1069,1034,1038,1091,1000,1154,1044,978,776,901,976,909,945,895,944,879,1000,756,823,882,894,1020,1004,1019,1016,917,890,805,827,1046,999,999,996,890,1133,911,927,918,833,833,833,838,814,810,819,827,1194,1100,1019,1190,1243,1085,1057,1057,1041,1061,1290,1288,1089,1165,762,785,874,899,896,885,875,868,884,870,875,1114,881,1170,1374,1103,1153,1065,1000,1089,1042,1090,1075,1091,1090,1014,1076,1095,1131,1128,1132,1092,1051,945,946,977,1094,947,1090,945,1091,1088,1131,1132,1044,1088,1075,1093,1185,1089,1044,1060,1090,1075,1075,1088,1057,1109,1090,1091,1127,1057,1030,1011,1012,1046,1036,1011,996,1052,1011,1012,1014,1011,1045,1011,1032,1126,1125,913,1088,998,945,1130,1072,1088,1089,1089,1044,1089,1127,1131,928,1107,1078,1109,1074,1088,1088,1123,1098,1088,1126,1110,1050,1088,1088,1106,1186,942,1132,1106,1089,1088,1093,1109,1050,1128,1090,1133,1061,1014,1125,1092,1109,1062,1011,1090,1014,1050,1128,1126,1052,1060,1088,1090,1107,1015,1088,1046,1091,1125,1151,1151,1091,1091,1094,1092,1095,1137,1011,1013,1092,1124,1095,1060,1093,1091,1091,945,1091,1303,1092,1131,1096,1043,1072,1089,1131,1123,1091,1132,1060,895,1014,946,1092,1092,1091,1091,1092,1128,1124,1057,1058,1053,1043,1043,1088,1140,1123,1125,1123,1059,1107,1110,1075,1092,1089,1090,1132,1128,1092,966,998,1088,1091,1060,1091,965,1126,1100,1089,1089,1122,1058,892,1061,1088,1111,1049,1092,1092,1091,1132,1060,1091,1094,1106,1133,1094,1078,1113,1094,951,1001,1017,1071,1094,1388,1382,980,982,1058,942,1011,1091,997,1137,1130,1129,1138,1095,1091,1106,1106,1065,1089,1059,1058,1014,1089,1011,1088,1091,1112,1091,947,1114,1127,1133,1090,1091,945,1091,1035,1093,995,1091,1110,1125,1091,1002,1090,1091,1128,1129,1090,1131,1073,1089,1090,1126,1134,1122,1125,1051,1091,1061,950,985,1114,1091,1091,1112,932,986,1087,1132,1095,1132,1128,1403,1402,1132,1110,1236,1061,1091,1075,1091,1105,1128,894,1091,1060,1058,1124,1109,1135,1091,1128,1088,1091,1156,1058,1050,1088,1143,1091,1125,1127,1123,1122,1093,1063,1058,1134,1053,1090,1091,1091,1046,1131,998,1125,1091,1048,1106,1127,1127,1014,1109,1091,1092,964,1126,945,1124,1011,1121,1076,1125,1091,1128,1093,1090,1057,1088,1014,1417,1090,1128,1090,1124,1092,1130,1075,1091,1123,1098,1132,1091,998,1128,1089,1096,1092,1129,1011,1054,1091,1096,1048,1013,1124,1061,1089,1062,1093,1060,1014,1189,1124,1109,1110,1124,1012,1056,1053,1088,1122,1091,1107,1123,1015,935,1075,1123,1032,1116,1095,1089,1127,1088,1011,1091,1212,1092,1124,1131,1127,1090,998,1091,1089,1090,1092,1119,1122,1122,1136,1090,1125,1090,1090,986,1088,1094,1096,1032,947,1123,1018,1127,1091,1129,1092,1014,1109,1256,1093,1091,1092,1014,1129,1091,1129,1091,1091,1092,1021,1094,1092,1094,1091,1258,1093,1095,1090,1130,1130,1239,1132,1075,1073,1088,1011,1091,1091,1078,1128,1060,1091,1091,1014,1090,1100,1092,1095,1099,1109,1075,1092,1092,1109,1112,1111,1112,1110,1075,1095,1092,1126,1132,1133,1130,1084,1110,1091,1092,1125,1014,1059,1044,1061,1128,1091,1129,1090,1091,1014,1014,1126,1132,1092,1075,1131,1076,1092,1090,1127,1130,1017,1044,1088,1129,1130,1092,1141,1095,1096,1091,1108,1091,1091,945,1055,1255,1240,1255,1252,1064
stackoverflow|config_id=11180,838,896,692,676,699,666,674,674,655,728,696,948,951,1139,1076,1288,2212,1138,1145,1047,1119,1064,1150,605,577,800,817,864,781,756,630,875,724,787,581,582,895,749,844,854,807,834,808,790,717,1334,1175,833,825,823,770,1636,1268,556,555,555,554,555,551,544,606,556,1425,1304,1511,1204,878,748,653,677,653,647,649,667,704,646,640,650,764,660,691,710,683,1016,922,585,572,629,1073,1059,1127,1158,1062,901,629,743,947,920,968,1008,882,944,832,760,673,697,867,930,5045,2953,1296,1047,652,651,660,697,786,754,672,630,757,793,823,858,929,1013,1101,1024,942,1181,1158,1184,1298,1198,1270,1036,959,565,672,641,772,734,784,787,766,805,649,831,614,736,1280,1332,1237,1242,837,865,883,1175,1069,855,944,899,878,848,925,839,856,865,907,938,884,956,871,1110,933,784,1302,993,868,875,876,892,1020,871,1039,1012,877,967,875,874,978,844,905,826,812,1168,847,896,808,876,1014,913,815,948,868,959,814,870,1132,1177,892,960,871,913,941,741,874,931,885,916,892,898,894,989,959,939,898,854,909,889,875,863,917,855,808,860,854,910,1063,857,971,842,874,897,1026,897,863,910,839,933,1014,928,964,854,830,950,870,1613,966,892,895,989,814,786,829,992,985,936,784,885,850,840,778,847,1001,989,828,1045,851,896,886,1038,873,850,894,870,966,1282,892,828,790,858,881,887,872,838,810,871,907,805,1021,860,820,1132,980,847,956,1025,849,828,936,845,855,1036,846,944,895,866,771,1028,831,812,842,981,1144,969,921,840,838,871,806,999,1070,879,937,825,912,840,856,986,952,956,1091,900,868,945,1041,789,857,934,842,965,885,959,822,1042,999,834,902,928,870,871,826,1548,830,912,1015,998,845,851,857,1027,888,847,846,946,1006,877,1014,782,904,1078,916,833,917,982,987,856,893,952,922,843,954,858,896,997,975,856,862,930,839,886,793,821,1038,999,1032,840,975,867,895,910,911,856,813,941,879,816,940,902,1122,1032,830,861,903,985,1021,962,809,838,886,878,863,836,916,896,956,1384,815,958,992,956,922,1064,889,878,896,839,923,916,875,814,919,1018,863,813,879,845,830,884,820,955,991,1088,990,1017,919,1300,916,890,1059,976,1045,1093,1420,982,851,926,974,883,1142,792,885,846,887,852,929,913,1002,942,865,1019,922,916,1142,929,912,893,869,854,960,922,947,911,872,877,848,905,812,841,903,1035,1157,826,902,930,1094,928,1015,894,858,919,952,900,1019,788,885,1035,817,927,913,970,1027,1096,896,1024,908,990,939,1003,808,921,898,790,1007,894,849,872,997,939,958,1148,914,1066,950,904,900,861,985,926,852,941,1009,916,927,905,891,964,873,953,851,991,959,868,827,850,1353,964,941,754,873,986,849,783,985,968,897,859,1108,823,860,945,830,801,871,850,931,3268,824,892,948,866,898,971,962,879,1010,889,997,946,951,879,864,877,836,903,935,891,812,943,806,850,841,850,916,853,882,864,952,950,867,801,823,887,897,1383,981,890,967,988,917,925,963,923,995,849,885,889,878,820,922,996,863,903,853,915,840,996,929,923,924,1013,830,942,969,863,923,1048,1001,824,867,853,949,982,926,915,852,876,846,910,841,869,841,909,809,1060,1074,946,961,1058,839,920,909,832,903,831,1053,895,895,1006,922,907,878,1066,868,780,903,879,872,970
stackoverflow|config_id=11181,770,711,655,663,660,687,646,664,626,650,642,733,698,870,774,790,772,757,826,812,743,783,761,530,559,586,629,586,673,731,617,600,559,573,545,572,611,593,626,612,598,633,585,683,671,764,747,763,749,779,810,1015,910,577,557,556,553,555,558,563,564,580,1258,1038,489,643,868,869,622,613,699,651,670,661,684,652,659,652,683,664,662,686,721,860,985,609,593,604,712,681,660,687,723,751,605,684,1022,515,797,834,808,794,701,705,616,609,921,826,777,757,806,634,707,739,694,647,645,639,603,650,619,615,590,867,944,832,836,831,813,802,903,765,849,999,951,845,829,593,561,667,624,616,658,652,636,639,656,609,676,666,1125,1105,1015,981,747,737,729,741,739,815,750,765,728,762,742,696,760,768,772,750,729,725,715,769,751,736,766,783,663,735,822,745,738,761,748,767,764,758,759,742,787,718,744,736,742,748,781,690,772,731,785,732,697,853,764,713,755,720,749,730,660,730,814,718,749,717,740,740,733,738,737,778,715,747,714,769,679,779,732,654,755,728,750,703,720,777,713,725,725,725,719,658,764,726,774,753,737,758,689,734,757,732,744,799,694,722,807,742,745,737,751,761,787,710,737,733,740,751,745,737,753,789,731,693,730,737,826,704,717,709,763,731,706,723,719,760,695,798,764,703,721,756,758,711,702,746,762,707,704,727,790,693,752,730,752,745,690,704,667,738,686,740,748,721,727,733,755,717,748,774,722,686,742,750,701,715,739,754,778,720,821,751,738,742,695,709,749,727,702,652,779,689,684,687,739,803,733,745,777,766,731,692,761,739,728,742,751,742,775,675,724,739,725,779,747,762,760,694,711,735,693,745,823,774,756,738,781,768,734,732,759,742,734,773,707,773,707,694,731,792,766,754,697,727,710,762,774,755,727,714,718,742,739,755,765,725,723,805,729,744,805,717,754,741,734,734,816,763,740,737,792,709,748,701,757,744,773,763,800,724,708,753,727,722,779,726,760,728,694,716,744,750,857,799,725,799,729,780,781,804,729,727,713,765,711,675,745,773,748,780,744,724,698,715,718,846,711,699,687,737,636,747,765,745,721,754,734,758,760,726,790,739,706,748,722,732,785,731,702,667,842,699,780,739,684,707,753,746,755,730,739,747,727,786,778,729,752,730,651,785,741,776,705,648,738,736,702,761,747,727,723,768,739,719,699,728,746,705,792,727,726,822,723,763,699,703,712,789,694,795,757,631,725,716,728,734,732,748,777,780,773,774,671,724,703,690,746,714,723,715,704,748,732,759,768,737,731,763,746,727,670,767,708,758,792,702,701,728,710,742,830,748,742,725,750,750,729,732,747,739,786,755,713,760,726,745,752,764,715,739,737,717,701,802,739,723,732,734,745,727,749,778,780,726,731,725,743,801,717,750,688,797,719,741,748,724,713,719,709,780,722,730,770,632,779,727,781,742,723,728,704,706,701,678,725,801,744,735,733,663,738,742,768,766,774,739,712,768,739,746,786,816,768,715,713,753,787,789,705,752,723,809,751,718,753,743,723,706,683,763,704,710,707,692,745,718,716,715,773,731,757,735,728,745,751,686,729,840,799,768,685,730,745,746,741,709,727,725,792,754
stackoverflow|config_id=11182,807,841,757,710,704,686,703,698,726,682,692,836,878,974,1029,897,878,867,813,884,873,933,911,615,606,746,738,700,722,745,720,685,626,638,606,619,661,668,745,702,708,673,699,705,729,925,930,844,837,855,917,1131,1004,583,588,572,595,581,584,584,581,560,1356,1189,854,890,949,978,721,679,762,716,696,681,706,772,719,748,768,706,748,744,725,881,878,672,671,665,733,740,755,751,623,628,712,700,900,1278,882,875,911,838,757,737,662,636,1027,1081,845,834,843,749,757,808,744,725,743,682,724,736,741,749,718,1092,995,1005,1168,999,998,926,1017,1098,1158,1101,1081,943,1000,617,619,728,745,740,730,691,726,772,727,733,735,765,1038,1050,951,1040,776,819,816,852,935,793,820,848,771,833,778,834,836,838,821,813,797,822,858,778,786,853,841,799,826,791,789,843,866,826,797,820,809,816,806,816,820,854,822,848,776,838,764,817,808,823,791,849,804,808,811,760,867,768,828,796,782,871,833,837,822,841,845,795,816,853,890,823,793,781,835,799,811,813,876,839,743,775,893,753,860,812,835,784,815,801,864,746,814,821,789,836,811,761,829,820,843,792,789,835,812,810,815,850,818,741,815,862,790,812,788,825,830,856,826,809,793,812,854,791,808,769,858,806,814,832,804,797,791,798,794,825,782,849,837,790,830,843,828,731,796,837,855,736,835,862,817,843,806,788,782,870,817,870,813,825,781,833,827,845,781,821,824,828,824,800,857,790,842,804,846,848,781,813,839,779,814,853,800,762,877,769,831,762,851,777,754,823,814,805,809,793,834,877,788,798,812,804,860,754,901,827,824,776,852,797,841,823,775,842,849,824,813,831,788,904,819,821,807,794,847,857,781,806,899,867,845,757,835,795,806,833,840,785,826,830,805,823,793,869,780,816,805,842,814,801,817,788,828,866,836,804,833,772,828,860,816,805,835,802,830,883,835,838,830,789,866,914,860,812,867,785,831,808,834,799,833,782,830,770,824,830,854,838,857,799,790,774,781,840,847,816,792,900,795,858,808,823,778,788,855,835,845,793,829,806,808,847,816,781,847,815,801,878,819,782,846,782,813,819,854,805,793,769,827,842,753,814,806,805,813,789,827,821,771,805,862,801,797,763,814,807,866,811,779,813,847,801,858,817,785,759,767,833,817,795,757,803,905,837,808,800,819,815,872,920,819,825,794,841,842,805,881,813,795,822,818,856,807,901,804,819,865,790,840,943,881,782,833,831,738,824,755,811,846,863,864,781,857,795,811,829,873,846,836,848,806,818,782,836,804,853,793,831,812,817,812,812,844,873,824,814,845,803,845,826,817,900,880,783,848,820,875,800,805,807,824,810,868,816,894,818,851,851,852,828,807,842,804,877,841,765,817,756,783,806,818,807,837,746,831,784,783,839,828,834,792,855,854,783,828,794,821,799,833,816,824,781,759,912,833,814,821,800,835,766,816,823,795,782,858,807,820,817,814,796,794,793,794,824,811,793,832,823,850,903,825,836,827,823,823,744,765,814,846,857,812,843,848,838,880,824,803,844,792,815,826,852,843,820,817,773,815,765,820,753,762,826,813,817,816,775,869,853,828,747,766,777,810,795,826,846,900,786,801,828
